-- --------------------------------------------------------
-- Host:                         127.0.0.1
-- Server version:               10.4.32-MariaDB - mariadb.org binary distribution
-- Server OS:                    Win64
-- HeidiSQL Version:             12.10.0.7000
-- --------------------------------------------------------

/*!40101 SET @OLD_CHARACTER_SET_CLIENT=@@CHARACTER_SET_CLIENT */;
/*!40101 SET NAMES utf8 */;
/*!50503 SET NAMES utf8mb4 */;
/*!40103 SET @OLD_TIME_ZONE=@@TIME_ZONE */;
/*!40103 SET TIME_ZONE='+00:00' */;
/*!40014 SET @OLD_FOREIGN_KEY_CHECKS=@@FOREIGN_KEY_CHECKS, FOREIGN_KEY_CHECKS=0 */;
/*!40101 SET @OLD_SQL_MODE=@@SQL_MODE, SQL_MODE='NO_AUTO_VALUE_ON_ZERO' */;
/*!40111 SET @OLD_SQL_NOTES=@@SQL_NOTES, SQL_NOTES=0 */;

-- Dumping structure for table hpvpbhelweb.hpvp_osgp
CREATE TABLE IF NOT EXISTS `hpvp_osgp` (
  `HO_GATEPASS_SLNO` int(5) NOT NULL AUTO_INCREMENT,
  `HO_VENDOR_CODE` varchar(20) DEFAULT NULL,
  `HO_VENDOR_NAME` varchar(250) DEFAULT NULL,
  `HO_REPRESENTATIVE_NAME` varchar(250) DEFAULT NULL,
  `HO_REPRESENTATIVE_ID` varchar(7) DEFAULT NULL,
  `HO_ORDER` varchar(20) DEFAULT NULL,
  `HO_BHEL_OFFICIAL` varchar(7) DEFAULT NULL COMMENT 'Recommender',
  `HO_SOURCE_FROM` varchar(20) DEFAULT NULL,
  `HO_DESTINATION_TO` varchar(20) DEFAULT NULL,
  `HO_DATE` date NOT NULL,
  `HO_DATE_RETURN` date DEFAULT NULL COMMENT 'Expected',
  `HO_PURPOSE` varchar(250) DEFAULT NULL,
  `HO_STATUS` enum('GATEPASS_REQUESTED','GATEPASS_RECOMMENDED','GATEPASS_APPROVED','GATEPASS_REJECTED','SECURITY_OUT_DONE','SECURITY_IN_DONE','RETURN_REQUESTED','RETURN_RECOMMENDED','RETURN_APPROVED','RETURN_REJECTED') DEFAULT NULL COMMENT 'GATEPASS_REQUESTED\r\nGATEPASS_RECOMMENDED\r\nGATEPASS_APPROVED\r\nGATEPASS_REJECTED\r\nRETURN_REQUESTED\r\nRETURN_RECOMMENDED\r\nRETURN_APPROVED\r\nRETURN_REJECTED\r\nSECURITY_IN_DONE\r\nSECURITY_OUT_DONE',
  `HO_MATERIAL_OWNER` enum('BHEL-HPVP','Vendor') DEFAULT NULL,
  `HO_RECOMMENDER_STATUS` enum('RECOMMENDED','REJECTED') DEFAULT NULL,
  `HO_RECOMMENDER_REMARK` varchar(250) DEFAULT NULL,
  `HO_RECOMMENDER_TIME` datetime DEFAULT NULL,
  `HO_APPROVER` varchar(7) DEFAULT NULL,
  `HO_APPROVER_STATUS` enum('APPROVED','REJECTED') DEFAULT NULL,
  `HO_APPROVER_REMARK` varchar(250) DEFAULT NULL,
  `HO_APPROVER_TIME` datetime DEFAULT NULL,
  `HO_SECURITY_REMARK` varchar(250) DEFAULT NULL,
  `HO_TIME_IN_OUT` datetime DEFAULT NULL COMMENT 'In for Vendor Material\r\nOut for BHEL-HPVP Material',
  `HO_TIME_IN_OUT_BY` varchar(20) DEFAULT NULL,
  `HO_IP_ADDRESS` varchar(20) DEFAULT NULL,
  `HO_HOSTNAME` varchar(50) DEFAULT NULL,
  `HO_LAST_UPDATE` timestamp NULL DEFAULT current_timestamp() ON UPDATE current_timestamp(),
  `HO_TIME_CREATED` datetime DEFAULT current_timestamp(),
  PRIMARY KEY (`HO_GATEPASS_SLNO`) USING BTREE
) ENGINE=InnoDB AUTO_INCREMENT=13 DEFAULT CHARSET=utf8mb4 COLLATE=utf8mb4_general_ci;

-- Dumping data for table hpvpbhelweb.hpvp_osgp: ~12 rows (approximately)
INSERT INTO `hpvp_osgp` (`HO_GATEPASS_SLNO`, `HO_VENDOR_CODE`, `HO_VENDOR_NAME`, `HO_REPRESENTATIVE_NAME`, `HO_REPRESENTATIVE_ID`, `HO_ORDER`, `HO_BHEL_OFFICIAL`, `HO_SOURCE_FROM`, `HO_DESTINATION_TO`, `HO_DATE`, `HO_DATE_RETURN`, `HO_PURPOSE`, `HO_STATUS`, `HO_MATERIAL_OWNER`, `HO_RECOMMENDER_STATUS`, `HO_RECOMMENDER_REMARK`, `HO_RECOMMENDER_TIME`, `HO_APPROVER`, `HO_APPROVER_STATUS`, `HO_APPROVER_REMARK`, `HO_APPROVER_TIME`, `HO_SECURITY_REMARK`, `HO_TIME_IN_OUT`, `HO_TIME_IN_OUT_BY`, `HO_IP_ADDRESS`, `HO_HOSTNAME`, `HO_LAST_UPDATE`, `HO_TIME_CREATED`) VALUES
	(1, '6207537', 'SHRUTI SAGAR MOHANTA', 'RN01', 'RI01', '111', '6207537', 'SRC01', 'DEST01', '2026-06-15', '2026-06-16', 'PUR01', 'SECURITY_OUT_DONE', 'BHEL-HPVP', 'RECOMMENDED', 'RECO01', '2026-06-15 11:09:16', '6207537', 'APPROVED', 'APPR01', '2026-06-15 11:09:26', 'Material Taken Out', '2026-06-15 11:09:50', '6207537', '::1', 'HPVP-6207537.bhel.in', '2026-06-15 05:39:50', '2026-06-15 11:08:30'),
	(2, '6207537', 'SHRUTI SAGAR MOHANTA', 'RN01', 'RI01', '111', '6207537', 'SRC01', 'DEST01', '2026-06-15', '2026-06-18', 'PUR01', 'SECURITY_OUT_DONE', 'BHEL-HPVP', 'RECOMMENDED', '', '2026-06-15 11:23:17', '6207537', 'APPROVED', '', '2026-06-15 11:23:20', 'Out 2', '2026-06-15 11:23:49', '6207537', '::1', 'HPVP-6207537.bhel.in', '2026-06-15 05:53:49', '2026-06-15 11:14:30'),
	(3, '6207537', 'SHRUTI SAGAR MOHANTA', 'RN01', 'RI02', '111', '6207537', 'SRC01', 'DEST01', '2026-06-18', '2026-06-20', 'PUR01', 'SECURITY_OUT_DONE', 'BHEL-HPVP', 'RECOMMENDED', '', '2026-06-15 11:23:18', '6207537', 'APPROVED', '', '2026-06-15 11:23:21', 'Ou3 3', '2026-06-15 11:23:39', '6207537', '::1', 'HPVP-6207537.bhel.in', '2026-06-15 05:53:39', '2026-06-15 11:17:37'),
	(4, '6207537', 'SHRUTI SAGAR MOHANTA', 'RN01', 'RI01', '111', '6207537', 'SRC01', 'DEST01', '2026-06-15', '2026-06-21', 'PUR01', 'GATEPASS_REJECTED', 'BHEL-HPVP', 'RECOMMENDED', 'Recommended', '2026-06-15 11:46:20', '6207537', 'REJECTED', '', '2026-06-15 11:46:25', NULL, NULL, NULL, '::1', 'HPVP-6207537.bhel.in', '2026-06-15 06:16:25', '2026-06-15 11:45:52'),
	(5, '6207537', 'SHRUTI SAGAR MOHANTA', ' Prasad Reddy', 'RI01', '111', '6207537', 'SRC01', 'DEST01', '2026-06-15', '2026-06-21', 'PUR01', 'GATEPASS_REJECTED', 'BHEL-HPVP', 'RECOMMENDED', '', '2026-06-15 11:48:40', '6207537', 'REJECTED', '', '2026-06-15 11:48:46', NULL, NULL, NULL, '::1', 'HPVP-6207537.bhel.in', '2026-06-15 06:18:46', '2026-06-15 11:48:15'),
	(6, '6207537', 'SHRUTI SAGAR MOHANTA', 'RN01', 'RI01', '111', '6207537', 'SRC01', 'DEST01', '2026-06-15', '2026-06-21', 'PUR01', 'GATEPASS_REJECTED', 'BHEL-HPVP', 'REJECTED', '', '2026-06-15 11:50:05', NULL, NULL, NULL, NULL, NULL, NULL, NULL, '::1', 'HPVP-6207537.bhel.in', '2026-06-15 06:20:05', '2026-06-15 11:49:49'),
	(7, '6207537', 'SHRUTI SAGAR MOHANTA', 'RN01', 'RI01', '111', '2767333', 'SRC01', 'DEST01', '2026-06-17', '2026-07-03', 'PUR01', 'GATEPASS_REJECTED', 'BHEL-HPVP', 'REJECTED', 'Wrong PO', '2026-06-15 21:14:01', NULL, NULL, NULL, NULL, NULL, NULL, NULL, '::1', 'HPVP-6207537.bhel.in', '2026-06-15 15:44:01', '2026-06-15 16:16:19'),
	(8, '6207537', 'SHRUTI SAGAR MOHANTA', 'RN01', 'RI01', '111', '2767333', 'SRC01', 'DEST01', '2026-06-16', '2026-06-19', 'PUR01', 'GATEPASS_REJECTED', 'BHEL-HPVP', 'REJECTED', 'Items are wrong', '2026-06-15 21:13:47', NULL, NULL, NULL, NULL, NULL, NULL, NULL, '::1', 'HPVP-6207537.bhel.in', '2026-06-15 15:43:47', '2026-06-15 16:49:46'),
	(9, '6207537', 'SHRUTI SAGAR MOHANTA', 'ssdf', 'sdf', '111', '2767333', 'SRC01', 'DEST01', '2026-06-15', '2026-06-17', 'PUR01', 'SECURITY_OUT_DONE', 'BHEL-HPVP', 'RECOMMENDED', '', '2026-06-15 21:14:03', '6269583', 'APPROVED', '', '2026-06-15 21:35:00', 'HPVP Material Out', '2026-06-15 21:45:54', '6203345', '::1', 'HPVP-6207537.bhel.in', '2026-06-15 16:15:54', '2026-06-15 16:54:22'),
	(10, '30011', 'Srujana Engineering ', 'RN01', 'RI01', '111', '2767333', 'SRC01', 'DEST01', '2026-06-15', '2026-06-17', 'PUR01', 'SECURITY_IN_DONE', 'Vendor', 'RECOMMENDED', '', '2026-06-15 21:13:32', '6269583', 'APPROVED', '', '2026-06-15 21:35:03', 'All 3 Items Made In', '2026-06-15 21:44:09', '6203345', '::1', 'HPVP-6207537.bhel.in', '2026-06-15 16:14:09', '2026-06-15 21:08:30'),
	(11, '30011', 'Srujana Engineering ', ' Prasad Reddy', 'RI01', '111', '2767333', 'SRC01', 'DEST01', '2026-06-18', '2026-07-03', 'PUR01', 'SECURITY_IN_DONE', 'Vendor', 'RECOMMENDED', '', '2026-06-15 21:13:34', '6269583', 'APPROVED', '', '2026-06-15 21:35:11', 'Item In', '2026-06-15 21:44:20', '6203345', '::1', 'HPVP-6207537.bhel.in', '2026-06-15 16:14:20', '2026-06-15 21:09:21'),
	(12, '30011', 'Srujana Engineering ', 'RN01', 'RI01', '111', '2767333', 'SRC01', 'DEST01', '2026-06-15', '2026-06-25', 'PUR01', 'SECURITY_OUT_DONE', 'BHEL-HPVP', 'RECOMMENDED', '', '2026-06-15 21:13:36', '6269583', 'APPROVED', '', '2026-06-15 21:35:18', 'Material Out', '2026-06-15 21:46:06', '6203345', '::1', 'HPVP-6207537.bhel.in', '2026-06-15 16:16:06', '2026-06-15 21:11:57');

-- Dumping structure for table hpvpbhelweb.hpvp_osgp_item
CREATE TABLE IF NOT EXISTS `hpvp_osgp_item` (
  `HOI_GATEPASS_SLNO` int(5) NOT NULL,
  `HOI_ITEM_SLNO` int(2) NOT NULL,
  `HOI_ITEM_DESCRIPTION` varchar(250) DEFAULT NULL,
  `HOI_ITEM_QUANTITY` int(5) DEFAULT NULL,
  `HOI_ITEM_UOM` varchar(50) DEFAULT NULL,
  PRIMARY KEY (`HOI_GATEPASS_SLNO`,`HOI_ITEM_SLNO`),
  CONSTRAINT `FK_hpvp_osgp_item_hpvp_osgp` FOREIGN KEY (`HOI_GATEPASS_SLNO`) REFERENCES `hpvp_osgp` (`HO_GATEPASS_SLNO`) ON UPDATE CASCADE
) ENGINE=InnoDB DEFAULT CHARSET=utf8mb4 COLLATE=utf8mb4_general_ci ROW_FORMAT=DYNAMIC;

-- Dumping data for table hpvpbhelweb.hpvp_osgp_item: ~21 rows (approximately)
INSERT INTO `hpvp_osgp_item` (`HOI_GATEPASS_SLNO`, `HOI_ITEM_SLNO`, `HOI_ITEM_DESCRIPTION`, `HOI_ITEM_QUANTITY`, `HOI_ITEM_UOM`) VALUES
	(1, 1, 'ITEM01', 10, 'No'),
	(1, 2, 'ITEM02', 20, 'No'),
	(1, 3, 'ITEM03', 30, 'No'),
	(2, 1, 'ITEM01', 20, 'No'),
	(2, 2, 'ITEM03', 20, 'No'),
	(3, 1, 'ITEM01', 10, 'No'),
	(3, 2, 'ITEM02', 10, 'No'),
	(4, 1, 'ITEM01', 10, 'No'),
	(5, 1, 'ITEM02', 10, '10'),
	(5, 2, 'ITEM01', 10, '10'),
	(6, 1, 'ITEM01', 234, 'fd'),
	(6, 2, 'ITEM02', 34, 'gf'),
	(7, 1, 'ITEM01', 10, 'No'),
	(7, 2, 'ITEM02', 0, 'No'),
	(8, 1, 'ITEM01', 10, 'No'),
	(9, 1, 'ITEM01', 10, 'No'),
	(10, 1, 'ITEM01', 10, 'No'),
	(10, 2, 'ITEM02', 20, 'No'),
	(10, 3, 'ITEM03', 30, 'No'),
	(11, 1, 'ITEM01', 100, 'No'),
	(12, 1, 'ITEM01', 50, 'No');

-- Dumping structure for table hpvpbhelweb.hpvp_osgp_podata
CREATE TABLE IF NOT EXISTS `hpvp_osgp_podata` (
  `EBELN` varchar(10) DEFAULT NULL,
  `BEDAT` date DEFAULT NULL,
  `EBELP` varchar(5) DEFAULT NULL,
  `MATNR` varchar(18) DEFAULT NULL,
  `MAKTX` varchar(40) DEFAULT NULL,
  `LGORT` varchar(4) DEFAULT NULL,
  `LIFNR` varchar(10) DEFAULT NULL,
  `NAME1` varchar(40) DEFAULT NULL,
  `DIFF_QTY` varchar(20) DEFAULT NULL,
  `MEINS` varchar(3) DEFAULT NULL,
  `EINDT` date DEFAULT NULL,
  `NETWR` varchar(20) DEFAULT NULL,
  `NAME2` varchar(40) DEFAULT NULL,
  `PROJECT` varchar(50) DEFAULT NULL,
  `EKGRP` varchar(5) DEFAULT NULL,
  `INDENTOR_NAME` varchar(40) DEFAULT NULL,
  `INDENTDEPT` varchar(20) DEFAULT NULL,
  `INDENTSTAFF` varchar(7) DEFAULT NULL,
  `BANFN` varchar(10) DEFAULT NULL,
  `POSTAFF` varchar(7) DEFAULT NULL
) ENGINE=InnoDB DEFAULT CHARSET=utf8mb4 COLLATE=utf8mb4_general_ci;

-- Dumping data for table hpvpbhelweb.hpvp_osgp_podata: ~2 rows (approximately)
INSERT INTO `hpvp_osgp_podata` (`EBELN`, `BEDAT`, `EBELP`, `MATNR`, `MAKTX`, `LGORT`, `LIFNR`, `NAME1`, `DIFF_QTY`, `MEINS`, `EINDT`, `NETWR`, `NAME2`, `PROJECT`, `EKGRP`, `INDENTOR_NAME`, `INDENTDEPT`, `INDENTSTAFF`, `BANFN`, `POSTAFF`) VALUES
	('111', '2026-06-15', NULL, NULL, NULL, NULL, '30011', NULL, NULL, NULL, NULL, NULL, NULL, NULL, NULL, NULL, NULL, NULL, NULL, NULL),
	('222', NULL, NULL, NULL, NULL, NULL, '30310', NULL, NULL, NULL, NULL, NULL, NULL, NULL, NULL, NULL, NULL, NULL, NULL, NULL);

-- Dumping structure for table hpvpbhelweb.hpvp_osgp_return
CREATE TABLE IF NOT EXISTS `hpvp_osgp_return` (
  `HOR_RETURN_SLNO` int(5) NOT NULL AUTO_INCREMENT,
  `HOR_GATEPASS_SLNO` int(5) DEFAULT NULL,
  `HOR_STATUS` enum('RETURN_REQUESTED','RETURN_RECOMMENDED','RETURN_APPROVED','RETURN_REJECTED','SECURITY_OUT_DONE','SECURITY_IN_DONE') DEFAULT NULL COMMENT 'RETURN_REQUESTED\r\nRETURN_RECOMMENDED\r\nRETURN_APPROVED\r\nRETURN_REJECTED\r\nSECURITY_OUT_DONE\r\nSECURITY_IN_DONE',
  `HOR_RETURN_REQUESTED_TIME` datetime DEFAULT current_timestamp(),
  `HOR_RECOMMENDER` varchar(7) DEFAULT NULL,
  `HOR_RECOMMENDER_STATUS` enum('RECOMMENDED','REJECTED') DEFAULT NULL,
  `HOR_RECOMMENDER_REMARK` varchar(250) DEFAULT NULL,
  `HOR_RECOMMENDER_TIME` datetime DEFAULT NULL,
  `HOR_APPROVER` varchar(7) DEFAULT NULL,
  `HOR_APPROVER_STATUS` enum('APPROVED','REJECTED') DEFAULT NULL,
  `HOR_APPROVER_REMARK` varchar(250) DEFAULT NULL,
  `HOR_APPROVER_TIME` datetime DEFAULT NULL,
  `HOR_RETURN_DATE` datetime DEFAULT NULL,
  `HOR_SECURITY_IN_OUT_BY` varchar(7) DEFAULT NULL COMMENT 'Vendor material Out\r\nBHEL-HPVP matrial In',
  `HOR_SECURITY_REMARK` varchar(250) DEFAULT NULL,
  PRIMARY KEY (`HOR_RETURN_SLNO`),
  UNIQUE KEY `HOR_GATEPASS_SLNO_HOR_STATUS` (`HOR_GATEPASS_SLNO`,`HOR_STATUS`,`HOR_RETURN_SLNO`) USING BTREE,
  CONSTRAINT `FK_hpvp_osgp_return_hpvp_osgp` FOREIGN KEY (`HOR_GATEPASS_SLNO`) REFERENCES `hpvp_osgp` (`HO_GATEPASS_SLNO`) ON UPDATE CASCADE
) ENGINE=InnoDB AUTO_INCREMENT=16 DEFAULT CHARSET=utf8mb4 COLLATE=utf8mb4_general_ci;

-- Dumping data for table hpvpbhelweb.hpvp_osgp_return: ~9 rows (approximately)
INSERT INTO `hpvp_osgp_return` (`HOR_RETURN_SLNO`, `HOR_GATEPASS_SLNO`, `HOR_STATUS`, `HOR_RETURN_REQUESTED_TIME`, `HOR_RECOMMENDER`, `HOR_RECOMMENDER_STATUS`, `HOR_RECOMMENDER_REMARK`, `HOR_RECOMMENDER_TIME`, `HOR_APPROVER`, `HOR_APPROVER_STATUS`, `HOR_APPROVER_REMARK`, `HOR_APPROVER_TIME`, `HOR_RETURN_DATE`, `HOR_SECURITY_IN_OUT_BY`, `HOR_SECURITY_REMARK`) VALUES
	(1, 1, 'SECURITY_IN_DONE', '2026-06-15 11:11:05', '6207537', 'RECOMMENDED', 'RECO02', '2026-06-15 11:11:30', '6207537', 'APPROVED', 'APPR02', '2026-06-15 11:11:40', '2026-06-15 11:12:01', '6207537', 'Partial In'),
	(2, 1, 'SECURITY_IN_DONE', '2026-06-15 11:12:33', '6207537', 'RECOMMENDED', 'RECO03', '2026-06-15 11:12:41', '6207537', 'APPROVED', 'APPR03', '2026-06-15 11:12:50', '2026-06-15 11:13:02', '6207537', 'Balance Return'),
	(3, 2, 'RETURN_REJECTED', '2026-06-15 11:24:06', '6207537', 'REJECTED', '', '2026-06-15 11:24:11', NULL, NULL, NULL, NULL, NULL, NULL, NULL),
	(4, 2, 'SECURITY_IN_DONE', '2026-06-15 11:24:42', '6207537', 'RECOMMENDED', '', '2026-06-15 11:44:26', '6207537', 'APPROVED', '', '2026-06-15 11:44:29', '2026-06-15 11:44:48', '6207537', 'In Remark by Security'),
	(5, 3, 'SECURITY_IN_DONE', '2026-06-15 11:48:34', '6207537', 'RECOMMENDED', '', '2026-06-15 17:41:30', '6207537', 'APPROVED', '', '2026-06-15 17:44:16', '2026-06-15 17:54:10', '6207537', 'In Movement'),
	(6, 2, 'RETURN_REQUESTED', '2026-06-15 20:28:52', NULL, NULL, NULL, NULL, NULL, NULL, NULL, NULL, NULL, NULL, NULL),
	(7, 10, 'SECURITY_OUT_DONE', '2026-06-15 21:57:15', '2767333', 'RECOMMENDED', '', '2026-06-15 23:12:24', '6269583', 'APPROVED', '', '2026-06-15 23:14:26', '2026-06-15 23:18:43', '6203345', 'Out'),
	(8, 11, 'SECURITY_OUT_DONE', '2026-06-15 21:57:29', '2767333', 'RECOMMENDED', '', '2026-06-15 23:12:25', '6269583', 'APPROVED', 'Hold on for next project', '2026-06-15 23:14:40', '2026-06-15 23:18:50', '6203345', 'Out'),
	(9, 12, 'SECURITY_IN_DONE', '2026-06-15 21:57:49', '2767333', 'RECOMMENDED', '', '2026-06-15 23:12:27', '6269583', 'APPROVED', '', '2026-06-15 23:14:42', '2026-06-15 23:17:42', '6203345', 'In Logged'),
	(10, 12, 'SECURITY_IN_DONE', '2026-06-15 23:18:24', '2767333', 'RECOMMENDED', '', '2026-06-15 23:20:57', '6269583', 'APPROVED', '', '2026-06-15 23:25:34', '2026-06-15 23:27:01', '6203345', 'In done'),
	(11, 10, 'SECURITY_OUT_DONE', '2026-06-15 23:19:37', '2767333', 'RECOMMENDED', '', '2026-06-15 23:20:45', '6269583', 'APPROVED', '', '2026-06-15 23:25:33', '2026-06-15 23:26:43', '6203345', 'Out done'),
	(12, 11, 'RETURN_REJECTED', '2026-06-15 23:19:44', '2767333', 'REJECTED', 'Wrong Qty', '2026-06-15 23:20:55', NULL, NULL, NULL, NULL, NULL, NULL, NULL),
	(13, 11, 'RETURN_REJECTED', '2026-06-15 23:25:21', '2767333', 'REJECTED', 'Wrong Qty', '2026-06-16 08:16:58', NULL, NULL, NULL, NULL, NULL, NULL, NULL),
	(14, 10, 'SECURITY_OUT_DONE', '2026-06-16 08:15:10', '2767333', 'RECOMMENDED', '', '2026-06-16 08:17:01', '6269583', 'APPROVED', '', '2026-06-16 08:26:39', '2026-06-16 08:28:53', '6203345', 'Material Out'),
	(15, 12, 'RETURN_REJECTED', '2026-06-16 08:15:22', '2767333', 'RECOMMENDED', '', '2026-06-16 08:17:02', '6269583', 'REJECTED', 'Hold for more days', '2026-06-16 08:26:52', NULL, NULL, NULL);

-- Dumping structure for table hpvpbhelweb.hpvp_osgp_return_item
CREATE TABLE IF NOT EXISTS `hpvp_osgp_return_item` (
  `HORI_GATEPASS_SLNO` int(5) NOT NULL,
  `HORI_RETURN_SLNO` int(5) NOT NULL,
  `HORI_ITEM_SLNO` int(2) NOT NULL,
  `HORI_ITEM_RETURN_QUANTITY` int(5) DEFAULT NULL COMMENT 'Actual Return Quantity Security',
  `HORI_ITEM_RETURN_QUANTITY_REQUEST` int(5) DEFAULT NULL COMMENT 'Requested Quantity',
  PRIMARY KEY (`HORI_GATEPASS_SLNO`,`HORI_RETURN_SLNO`,`HORI_ITEM_SLNO`),
  KEY `FK_hpvp_osgp_return_item_hpvp_osgp_item` (`HORI_GATEPASS_SLNO`,`HORI_ITEM_SLNO`),
  KEY `FK_hpvp_osgp_return_item_hpvp_osgp_return` (`HORI_RETURN_SLNO`),
  CONSTRAINT `FK_hpvp_osgp_return_item_hpvp_osgp_item` FOREIGN KEY (`HORI_GATEPASS_SLNO`, `HORI_ITEM_SLNO`) REFERENCES `hpvp_osgp_item` (`HOI_GATEPASS_SLNO`, `HOI_ITEM_SLNO`) ON UPDATE CASCADE,
  CONSTRAINT `FK_hpvp_osgp_return_item_hpvp_osgp_return` FOREIGN KEY (`HORI_RETURN_SLNO`) REFERENCES `hpvp_osgp_return` (`HOR_RETURN_SLNO`) ON UPDATE CASCADE
) ENGINE=InnoDB DEFAULT CHARSET=utf8mb4 COLLATE=utf8mb4_general_ci ROW_FORMAT=DYNAMIC;

-- Dumping data for table hpvpbhelweb.hpvp_osgp_return_item: ~24 rows (approximately)
INSERT INTO `hpvp_osgp_return_item` (`HORI_GATEPASS_SLNO`, `HORI_RETURN_SLNO`, `HORI_ITEM_SLNO`, `HORI_ITEM_RETURN_QUANTITY`, `HORI_ITEM_RETURN_QUANTITY_REQUEST`) VALUES
	(1, 1, 1, 5, 5),
	(1, 1, 2, 10, 10),
	(1, 1, 3, 15, 15),
	(1, 2, 1, 5, 5),
	(1, 2, 2, 10, 10),
	(1, 2, 3, 15, 15),
	(2, 3, 1, NULL, 20),
	(2, 4, 1, 20, 20),
	(2, 6, 2, NULL, 20),
	(3, 5, 1, 10, 10),
	(3, 5, 2, 10, 10),
	(10, 7, 1, 5, 5),
	(10, 7, 2, 5, 5),
	(10, 7, 3, 5, 5),
	(10, 11, 1, 5, 5),
	(10, 11, 3, 20, 20),
	(10, 14, 2, 5, 5),
	(10, 14, 3, 5, 5),
	(11, 8, 1, 10, 10),
	(11, 12, 1, NULL, 13),
	(11, 13, 1, NULL, 15),
	(12, 9, 1, 10, 10),
	(12, 10, 1, 10, 10),
	(12, 15, 1, NULL, 30);

-- Dumping structure for table hpvpbhelweb.hpvp_osgp_user
CREATE TABLE IF NOT EXISTS `hpvp_osgp_user` (
  `HOU_ID` varchar(20) DEFAULT NULL,
  `HOU_NAME` varchar(50) DEFAULT NULL,
  `HOU_PASSWORD` varchar(255) DEFAULT NULL,
  `HOU_DESIGNATION` varchar(50) DEFAULT NULL,
  `HOU_ROLE` varchar(50) DEFAULT NULL,
  `HOU_LAST_LOGIN` datetime DEFAULT NULL,
  `HOU_FAILED_LOGIN` int(5) DEFAULT NULL,
  `HOU_EMAIL` varchar(50) DEFAULT NULL,
  `HOU_MOBILE` varchar(10) DEFAULT NULL,
  `HOU_ORGANISATION` varchar(50) DEFAULT NULL,
  `HOU_ACTIVE_FROM` date DEFAULT NULL,
  `HOU_ACTIVE_TO` date DEFAULT NULL
) ENGINE=InnoDB DEFAULT CHARSET=utf8mb4 COLLATE=utf8mb4_general_ci;

-- Dumping data for table hpvpbhelweb.hpvp_osgp_user: ~8 rows (approximately)
INSERT INTO `hpvp_osgp_user` (`HOU_ID`, `HOU_NAME`, `HOU_PASSWORD`, `HOU_DESIGNATION`, `HOU_ROLE`, `HOU_LAST_LOGIN`, `HOU_FAILED_LOGIN`, `HOU_EMAIL`, `HOU_MOBILE`, `HOU_ORGANISATION`, `HOU_ACTIVE_FROM`, `HOU_ACTIVE_TO`) VALUES
	('6207537', 'SHRUTI SAGAR MOHANTA', '27cb4894cc136b98343563a2ab993db51cd4a3ca80f191193ad39deaa7c1c792', 'Manager', 'Administrator', '2026-06-15 21:07:19', 0, 'ssmohanta@bhel.in', '9618946290', 'BHEL', '2025-12-01', '2025-12-31'),
	('30011', 'Srujana Engineering ', '27cb4894cc136b98343563a2ab993db51cd4a3ca80f191193ad39deaa7c1c792', NULL, 'Vendor', '2026-06-15 21:02:53', 0, NULL, NULL, 'Srujana Engineering ', '2025-12-01', '2025-12-31'),
	('2767333', 'Partha Das', '27cb4894cc136b98343563a2ab993db51cd4a3ca80f191193ad39deaa7c1c792', NULL, 'Recommender', '2026-06-16 08:16:38', 0, NULL, NULL, 'BHEL', '2025-12-01', '2025-12-31'),
	('6203345', 'P SRINIVASA KUMAR', '27cb4894cc136b98343563a2ab993db51cd4a3ca80f191193ad39deaa7c1c792', NULL, 'Security', '2026-06-16 22:34:33', 0, NULL, NULL, 'BHEL', '2025-12-01', '2025-12-31'),
	('6211402', 'SHASHADHAR TRIPATHY', '27cb4894cc136b98343563a2ab993db51cd4a3ca80f191193ad39deaa7c1c792', NULL, 'Security', NULL, NULL, NULL, NULL, 'BHEL', '2025-12-01', '2025-12-31'),
	('2210193', 'SATISH KUMAR NARAYAN', '27cb4894cc136b98343563a2ab993db51cd4a3ca80f191193ad39deaa7c1c792', NULL, 'Recommender', NULL, NULL, NULL, NULL, NULL, NULL, NULL),
	('6269583', 'S N V S RAMESH', '27cb4894cc136b98343563a2ab993db51cd4a3ca80f191193ad39deaa7c1c792', NULL, 'Approver', '2026-06-16 08:26:11', 0, NULL, NULL, NULL, NULL, NULL),
	('30310', 'SSR Engineering Industry', '27cb4894cc136b98343563a2ab993db51cd4a3ca80f191193ad39deaa7c1c792', NULL, 'Vendor', NULL, NULL, NULL, NULL, 'SSR Engineering Industry', NULL, NULL);

-- Dumping structure for table hpvpbhelweb.hpvp_osgp_user_role
CREATE TABLE IF NOT EXISTS `hpvp_osgp_user_role` (
  `HOUR_STAFFNO` int(7) DEFAULT NULL,
  `HOUR_NAME` varchar(250) DEFAULT NULL,
  `HOUR_ROLE` varchar(250) DEFAULT NULL,
  `HOUR_FROM` date DEFAULT NULL,
  `HOUR_TO` date DEFAULT NULL
) ENGINE=InnoDB DEFAULT CHARSET=utf8mb4 COLLATE=utf8mb4_general_ci;

-- Dumping data for table hpvpbhelweb.hpvp_osgp_user_role: ~0 rows (approximately)

/*!40103 SET TIME_ZONE=IFNULL(@OLD_TIME_ZONE, 'system') */;
/*!40101 SET SQL_MODE=IFNULL(@OLD_SQL_MODE, '') */;
/*!40014 SET FOREIGN_KEY_CHECKS=IFNULL(@OLD_FOREIGN_KEY_CHECKS, 1) */;
/*!40101 SET CHARACTER_SET_CLIENT=@OLD_CHARACTER_SET_CLIENT */;
/*!40111 SET SQL_NOTES=IFNULL(@OLD_SQL_NOTES, 1) */;
